"","Codi","Altitud (m)","Superficie (km2)","Any","Perc_pob","Densit_pob","Perc_Densit_pob"
"1","080142",404,7.9,2011,0.626328518269809,314.050632911392,0.931680278107611
"2","080142",404,7.9,2012,0.621323584721157,313.670886075949,0.926349172107907
"3","080142",404,7.9,2013,0.626835158888432,316.708860759494,0.93671197683781
"4","080142",404,7.9,2014,0.624842101050325,316.20253164557,0.93502226876094
"5","080142",404,7.9,2015,0.615672806743678,312.025316455696,0.922761633230545
"6","080142",404,7.9,2016,0.614693849074845,312.278481012658,0.922853361716763
"7","080142",404,7.9,2017,0.623420680009622,318.227848101266,0.936931543545847
"8","080142",404,7.9,2018,0.615571674350032,316.582278481013,0.926486259986982
"9","080142",404,7.9,2019,0.611271415249562,316.962025316456,0.920716468990221
"10","080142",404,7.9,2020,0.619922410984867,317.974683544304,0.922957348085117
"11","080142",404,7.9,2021,0.619922410984867,317.974683544304,0.922957348085117
"12","080057",281,14.24,2011,2.04762217319082,569.592696629213,1.68978574277638
"13","080057",281,14.24,2012,2.0535271020445,575.140449438202,1.698534683432
"14","080057",281,14.24,2013,2.0611402286871,577.738764044944,1.70874543410813
"15","080057",281,14.24,2014,2.07188435668529,581.671348314607,1.72002311601979
"16","080057",281,14.2,2015,2.07380580705588,584.718309859155,1.72920463222108
"17","080057",281,14.2,2016,2.0773014267276,587.112676056338,1.73505041092842
"18","080057",281,14.24,2017,2.07509317832956,587.640449438202,1.73014045322302
"19","080057",281,14.24,2018,2.09112232917948,596.629213483146,1.74605088841739
"20","080057",281,14.24,2019,2.06572632421797,594.241573033708,1.72616262880241
"21","080057",281,14.24,2020,2.13369791615253,607.162921348315,1.76235879377854
"22","080057",281,14.24,2021,2.13369791615253,607.162921348315,1.76235879377854
"23","080235",307,28.64,2011,2.2101999909118,305.691340782123,0.90688113172927
"24","080235",307,28.64,2012,2.20171202479277,306.599162011173,0.905464588859736
"25","080235",307,28.64,2013,2.19141771974305,305.412011173184,0.903299920469527
"26","080235",307,28.64,2014,2.21471255512393,309.148044692737,0.914161896893408
"27","080235",307,28.6,2015,2.21242585076491,309.72027972028,0.915944880388853
"28","080235",307,28.6,2016,2.2213196856515,311.713286713287,0.921183085053745
"29","080235",307,28.64,2017,2.22115315467231,312.744413407821,0.920787127015629
"30","080235",307,28.64,2018,2.21591034952952,314.350558659218,0.919955073968124
"31","080235",307,28.64,2019,2.2195206499397,317.458100558659,0.922157476457596
"32","080235",307,NA,NA,NA,NA,NA
"33","080235",307,NA,NA,NA,NA,NA
"34","080333",203,37.45,2011,4.33860617290807,458.90520694259,1.36141400788049
"35","080333",203,37.45,2012,4.33045989980593,461.174899866489,1.36196569606026
"36","080333",203,37.45,2013,4.29815507029974,458.104138851802,1.35490883479676
"37","080333",203,37.45,2014,4.29134951385884,458.104138851802,1.35463042945561
"38","080333",203,37.5,2015,4.27049640961599,455.946666666667,1.34838446949895
"39","080333",203,37.5,2016,4.26996696051707,456.986666666667,1.35049869662962
"40","080333",203,37.45,2017,4.26202515008965,458.931909212283,1.35119470104916
"41","080333",203,37.45,2018,4.29472616782635,465.927903871829,1.36355011137389
"42","080333",203,37.45,2019,4.28524697415767,468.731642189586,1.36157933137228
"43","080333",203,37.45,2020,4.39572371992932,475.62082777036,1.38054304512522
"44","080333",203,37.45,2021,4.39572371992932,475.62082777036,1.38054304512522
"45","080399",321,7.29,2011,0.121176013208185,65.843621399177,0.195335392029303
"46","080399",321,7.29,2012,0.12436501130819,68.0384087791495,0.200934566904127
"47","080399",321,7.29,2013,0.136290298335455,74.6227709190672,0.22070757065997
"48","080399",321,7.29,2014,0.130321350939639,71.4677640603567,0.21133275102898
"49","080399",321,7.3,2015,0.122635029659694,67.2602739726027,0.198910783802715
"50","080399",321,7.3,2016,0.117108272827392,64.3835616438356,0.190267949650696
"51","080399",321,7.29,2017,0.123493833987586,68.3127572016461,0.201127517376932
"52","080399",321,7.29,2018,0.12675706209127,70.6447187928669,0.206743604273354
"53","080399",321,7.29,2019,0.12913841001079,72.5651577503429,0.210788455648303
"54","080399",321,7.29,2020,0.133510360009082,74.2112482853224,0.215406510204024
"55","080399",321,7.29,2021,0.133510360009082,74.2112482853224,0.215406510204024
"56","080410",175,6.66,2011,4.00158538617281,2380.03003003003,7.06073100291595
"57","080410",175,6.66,2012,4.03434079021929,2415.91591591592,7.13480851407147
"58","080410",175,6.66,2013,4.01079298906671,2403.75375375375,7.10944722263345
"59","080410",175,6.66,2014,3.99068489998274,2395.4954954955,7.08356641342594
"60","080410",175,6.7,2015,3.97277552294724,2374.02985074627,7.02078820813804
"61","080410",175,6.7,2016,3.97096711500032,2378.65671641791,7.02946722424798
"62","080410",175,6.66,2017,4.00363042114373,2424.17417417417,7.137292554328
"63","080410",175,6.66,2018,4.01610676144321,2450,7.16998862936747
"64","080410",175,6.66,2019,4.05943784512179,2496.84684684685,7.25288150889048
"65","080410",175,6.66,2020,4.15313465543962,2526.87687687688,7.3345448613205
"66","080410",175,6.66,2021,4.15313465543962,2526.87687687688,7.3345448613205
"67","080462",193,12.1,2011,4.35249092442151,1424.87603305785,4.22711741237842
"68","080462",193,12.1,2012,4.36957470174964,1440.2479338843,4.25341509336253
"69","080462",193,12.1,2013,4.3926062513153,1449.00826446281,4.28565021074674
"70","080462",193,12.1,2014,4.42692374074806,1462.64462809917,4.32509281769203
"71","080462",193,12.1,2015,4.48029971901342,1482.47933884298,4.38417969246902
"72","080462",193,12.1,2016,4.52436599574424,1500.66115702479,4.43479226960234
"73","080462",193,12.1,2017,4.51570826689547,1504.95867768595,4.43092351995641
"74","080462",193,12.1,2018,4.47095540366586,1501.23966942149,4.39341688151324
"75","080462",193,12.1,2019,4.48127370995855,1517.10743801653,4.40691846922288
"76","080462",193,12.1,2020,4.5467557722871,1522.64462809917,4.41964760326793
"77","080462",193,12.1,2021,4.5467557722871,1522.64462809917,4.41964760326793
"78","080425",346,29.19,2011,0.711404177543055,96.5399109284001,0.286400731717784
"79","080425",346,29.19,2012,0.718358381850732,98.1500513874615,0.289861835704792
"80","080425",346,29.19,2013,0.720785272630703,98.5611510791367,0.291508770690372
"81","080425",346,29.19,2014,0.716142087793067,98.0815347721823,0.290030629068576
"82","080425",346,29.2,2015,0.723571651576647,99.2123287671233,0.293403533949321
"83","080425",346,29.2,2016,0.715855463474677,98.3904109589041,0.290765861354494
"84","080425",346,29.19,2017,0.72062867784724,99.5546420006852,0.293110376585188
"85","080425",346,29.19,2018,0.73716000187059,102.60363138061,0.300272191971748
"86","080425",346,29.19,2019,0.760915735356583,106.783144912641,0.310185423737996
"87","080425",346,29.19,2020,0.778851564119523,108.119218910586,0.313828215663102
"88","080425",346,29.19,2021,0.778851564119523,108.119218910586,0.313828215663102
"89","081347",330,14.99,2011,0.280724430598963,74.1827885256838,0.220074834442087
"90","081347",330,14.99,2012,0.276561708614784,73.5823882588392,0.217307335398651
"91","081347",330,14.99,2013,0.278092336677122,74.0493662441628,0.219011643917441
"92","081347",330,14.99,2014,0.274150097178205,73.1154102735157,0.216204900193396
"93","081347",330,15,2015,0.273243833905713,72.9333333333333,0.215687888880549
"94","081347",330,15,2016,0.272089859420239,72.8,0.215140423749714
"95","081347",330,14.99,2017,0.267074014467129,71.847898599066,0.211535737480546
"96","081347",330,14.99,2018,0.272958411377123,73.9826551034023,0.216512161576249
"97","081347",330,14.99,2019,0.271947426752401,74.3162108072048,0.215874943172854
"98","081347",330,14.99,2020,0.281827783974808,76.184122748499,0.221133000635092
"99","081347",330,14.99,2021,0.281827783974808,76.184122748499,0.221133000635092
"100","080811",386,39.72,2011,0.114359862465225,11.404833836858,0.0338342217698792
"101","080811",386,39.72,2012,0.11082527217383,11.1278952668681,0.0328634789690707
"102","080811",386,39.72,2013,0.118502410133585,11.908358509567,0.0352206819021102
"103","080811",386,39.72,2014,0.120566009890415,12.134944612286,0.0358834680532735
"104","080811",386,39.7,2015,0.119138307836403,12.0151133501259,0.0355326476208752
"105","080811",386,39.7,2016,0.115114940523947,11.6372795969773,0.0343907865904891
"106","080811",386,39.72,2017,0.113574650534768,11.5307150050352,0.0339489163890429
"107","080811",386,39.72,2018,0.114696681426275,11.7321248741188,0.034334368141123
"108","080811",386,39.72,2019,0.114735449347961,11.8328298086606,0.034372197327787
"109","080811",386,39.72,2020,0.117222589656772,11.9587109768379,0.0347115061069345
"110","080811",386,39.72,2021,0.117222589656772,11.9587109768379,0.0347115061069345
"111","080863",181,29.14,2011,4.71904836437627,641.489361702128,1.90307843475144
"112","080863",181,29.14,2012,4.76974921394292,652.814001372684,1.9279242561441
"113","080863",181,29.14,2013,4.77867858538687,654.564172958133,1.93596762322489
"114","080863",181,29.14,2014,4.79512533111879,657.858613589568,1.94531160203335
"115","080863",181,29.1,2015,4.85694661255073,668.247422680412,1.97622773100283
"116","080863",181,29.1,2016,4.83806666699889,667.250859106529,1.97187682109258
"117","080863",181,29.14,2017,4.85643221849977,672.065888812629,1.9787071883456
"118","080863",181,29.14,2018,4.86550214256354,678.380233356211,1.98529737124559
"119","080863",181,29.14,2019,4.90481840063666,689.498970487303,2.00286787303824
"120","080863",181,29.14,2020,5.02551750688528,698.833218943034,2.02844216187287
"121","080863",181,29.14,2021,5.02551750688528,698.833218943034,2.02844216187287
"122","080885",252,18.8,2011,3.84632861924982,810.425531914894,2.40425398274237
"123","080885",252,18.8,2012,3.87938599790385,822.978723404255,2.4304635620641
"124","080885",252,18.8,2013,3.90481726076543,829.042553191489,2.45201251086054
"125","080885",252,18.8,2014,3.94265860558656,838.404255319149,2.47919156392473
"126","080885",252,18.8,2015,3.93131439275679,837.234042553191,2.4759768254647
"127","080885",252,18.8,2016,3.96473795155206,846.382978723404,2.50125264693817
"128","080885",252,18.8,2017,3.96370570774614,850.212765957447,2.5032100864328
"129","080885",252,18.8,2018,3.99395504185444,863.13829787234,2.52599664543521
"130","080885",252,18.8,2019,4.03136427772814,878.404255319149,2.55160303035028
"131","080885",252,18.8,2020,4.11340236715596,886.595744680851,2.57344404973729
"132","080885",252,18.8,2021,4.11340236715596,886.595744680851,2.57344404973729
"133","080961",145,14.87,2011,15.1470016510232,4034.96973772697,11.9703682573438
"134","080961",145,14.87,2012,15.0326207418774,4031.87626092804,11.9071466372811
"135","080961",145,14.87,2013,14.9701363905118,4018.35911230666,11.8848746407237
"136","080961",145,14.87,2014,14.9907074123082,4030.26227303295,11.9176306230744
"137","080961",145,14.9,2015,15.0111770215423,4033.62416107383,11.9287552080383
"138","080961",145,14.9,2016,14.9933472534373,4038.52348993289,11.9347480075183
"139","080961",145,14.87,2017,15.05112099172,4081.70813718897,12.0174306808723
"140","080961",145,14.87,2018,15.0092668026946,4100.9414929388,12.0015117853357
"141","080961",145,14.87,2019,14.9583290612687,4120.71284465367,11.9699139865863
"142","080961",145,14.87,2020,15.404035418497,4197.64626765299,12.1841412788216
"143","080961",145,14.87,2021,15.404035418497,4197.64626765299,12.1841412788216
"144","080977",177,23.29,2011,0.331214436102373,56.3331902103907,0.167121211746496
"145","080977",177,23.29,2012,0.340750101548043,58.3512237011593,0.172325868183903
"146","080977",177,23.29,2013,0.349243889484602,59.8540145985401,0.177026851101756
"147","080977",177,23.29,2014,0.357445701521583,61.356805495921,0.181434282578818
"148","080977",177,23.3,2015,0.353168904152357,60.68669527897,0.179470546451438
"149","080977",177,23.3,2016,0.355311483089067,61.2017167381974,0.180864880127277
"150","080977",177,23.29,2017,0.352874951334006,61.0991841992271,0.179889199838215
"151","080977",177,23.29,2018,0.364518852344021,63.5895234006011,0.186096391726207
"152","080977",177,23.29,2019,0.36617696600413,64.405324173465,0.187085637776194
"153","080977",177,23.29,2020,0.382022250081439,66.4662945470159,0.192925909284255
"154","080977",177,23.29,2021,0.382022250081439,66.4662945470159,0.192925909284255
"155","081056",45,3.03,2011,3.46386682756148,4528.38283828383,13.4341553240569
"156","081056",45,3.03,2012,3.41301720549814,4492.40924092409,13.2672165821992
"157","081056",45,3.03,2013,3.36892581197952,4437.95379537954,13.1258862250201
"158","081056",45,3.03,2014,3.35933923823293,4432.34323432343,13.1065984997542
"159","081056",45,3,2015,3.30989697158914,4417.33333333333,13.0635096135514
"160","081056",45,3,2016,3.30070912796695,4415.66666666667,13.0492911786285
"161","081056",45,3.03,2017,3.30879162027382,4403.6303630363,12.9652392707379
"162","081056",45,3.03,2018,3.290022619367,4411.55115511551,12.9105190285923
"163","081056",45,3.03,2019,3.29071033449045,4448.84488448845,12.9230772962213
"164","081056",45,3.03,2020,3.35305963298224,4484.15841584158,13.0157750728669
"165","081056",45,3.03,2021,3.35305963298224,4484.15841584158,13.0157750728669
"166","081069",198,27.63,2011,2.34601810571597,336.33731451321,0.99779720173991
"167","081069",198,27.63,2012,2.37622421808007,342.99674267101,1.01295581679221
"168","081069",198,27.63,2013,2.39359836451642,345.783568584872,1.0227046041921
"169","081069",198,27.63,2014,2.38530595501037,345.132102786826,1.02056805203474
"170","081069",198,27.6,2015,2.39025913206369,346.739130434783,1.02542181493266
"171","081069",198,27.6,2016,2.42115124907185,352.065217391304,1.04043214364149
"172","081069",198,27.63,2017,2.41755298703811,352.841114730366,1.03884047930827
"173","081069",198,27.63,2018,2.42142908126974,356.062251176258,1.04202542542071
"174","081069",198,27.63,2019,2.42604445876603,359.681505609844,1.04480871320641
"175","081069",198,27.63,2020,2.47228611196115,362.576909156714,1.0524203336633
"176","081069",198,27.63,2021,2.47228611196115,362.576909156714,1.0524203336633
"177","081075",145,22.33,2011,3.64941759778652,647.380206000896,1.92055454490503
"178","081075",145,22.33,2012,3.65673250991661,653.112404836543,1.92880551677099
"179","081075",145,22.33,2013,3.67257257959454,656.471115091805,1.94160767867349
"180","081075",145,22.33,2014,3.67601261690776,658.128078817734,1.94610842041327
"181","081075",145,22.3,2015,3.68204807992507,661.076233183857,1.95502016167091
"182","081075",145,22.3,2016,3.67744893331805,661.838565022421,1.95588227105531
"183","081075",145,22.33,2017,3.70307916252334,668.741603224362,1.96891977330325
"184","081075",145,22.33,2018,3.71927371895375,676.712942230184,1.98041800046376
"185","081075",145,22.33,2019,3.72426386223934,683.20644872369,1.98458925302547
"186","081075",145,22.33,2020,3.81750787242234,692.745185848634,2.01077095982235
"187","081075",145,22.33,2021,3.81750787242234,692.745185848634,2.01077095982235
"188","081081",125,10.83,2011,1.61668997621921,591.320406278855,1.75424438876399
"189","081081",125,10.83,2012,1.6032054078721,590.397045244691,1.74359125553319
"190","081081",125,10.83,2013,1.60992914908756,593.351800554017,1.7549232336739
"191","081081",125,10.83,2014,1.58937018017365,586.703601108033,1.73490366868141
"192","081081",125,10.8,2015,1.59425538557602,591.018518518518,1.74783642434053
"193","081081",125,10.8,2016,1.58719084661806,589.814814814815,1.74303584056481
"194","081081",125,10.83,2017,1.58359763824242,589.658356417359,1.73608160737403
"195","081081",125,10.83,2018,1.59492381039113,598.337950138504,1.75105155061719
"196","081081",125,10.83,2019,1.59701980773268,604.062788550323,1.75469145607319
"197","081081",125,10.83,2020,1.60335824210537,599.907663896584,1.74129959150909
"198","081081",125,10.83,2021,1.60335824210537,599.907663896584,1.74129959150909
"199","081154",96,3.61,2011,1.23776248491611,1358.17174515235,4.02922871866482
"200","081154",96,3.61,2012,1.23537582805534,1364.81994459834,4.03065723303662
"201","081154",96,3.61,2013,1.22310521410605,1352.35457063712,3.99978301904574
"202","081154",96,3.61,2014,1.19640503175489,1324.93074792244,3.91786791657373
"203","081154",96,3.6,2015,1.18788635654074,1321.11111111111,3.90696069285456
"204","081154",96,3.6,2016,1.17731189172219,1312.5,3.87873360125687
"205","081154",96,3.61,2017,1.17591919833159,1313.57340720222,3.86744393149122
"206","081154",96,3.61,2018,1.17994826342825,1327.97783933518,3.88636163595315
"207","081154",96,3.61,2019,1.17201040919055,1329.91689750693,3.86316432922993
"208","081154",96,3.61,2020,1.18950080451714,1335.18005540166,3.87551055767607
"209","081154",96,3.61,2021,1.18950080451714,1335.18005540166,3.87551055767607
"210","081249",65,10.77,2011,13.2306534921412,4866.20241411328,14.4363498856191
"211","081249",65,10.77,2012,13.098945404763,4850.69637883008,14.3253287893224
"212","081249",65,10.77,2013,13.0162245583092,4823.95543175487,14.2675415453186
"213","081249",65,10.77,2014,12.9368329160215,4802.13556174559,14.2000877237564
"214","081249",65,10.8,2015,12.9004058694973,4782.40740740741,14.1431538958465
"215","081249",65,10.8,2016,12.8298342045857,4767.68518518519,14.0895853165656
"216","081249",65,10.77,2017,12.6787002893922,4747.260909935,13.9769618482443
"217","081249",65,10.77,2018,12.5853764192484,4747.72516248839,13.8943409920015
"218","081249",65,10.77,2019,12.5276463609333,4764.90250696379,13.8411666410645
"219","081249",65,10.77,2020,12.7340750027146,4791.08635097493,13.9066679889517
"220","081249",65,10.77,2021,12.7340750027146,4791.08635097493,13.9066679889517
"221","081350",72,4,2011,2.25008709525949,2228.25,6.61045182570615
"222","081350",72,4,2012,2.21399808437765,2207.5,6.51930379325376
"223","081350",72,4,2013,2.21972802068406,2215,6.55118086598578
"224","081350",72,4,2014,2.21696378767375,2215.75,6.55205251275249
"225","081350",72,4,2015,2.20668123634093,2208.75,6.53200125089003
"226","081350",72,4,2016,2.18867886918258,2196,6.48967541970292
"227","081350",72,4,2017,2.16932542113133,2187,6.43900053989843
"228","081350",72,4,2018,2.16200783186353,2196,6.42665103269019
"229","081350",72,4,2019,2.13725289157744,2188.75,6.35791675513919
"230","081350",72,4,2020,2.17935303001885,2207.75,6.40824314225949
"231","081350",72,4,2021,2.17935303001885,2207.75,6.40824314225949
"232","081363",116,10.23,2011,4.04980334142856,1568.13294232649,4.65211141997177
"233","081363",116,10.23,2012,4.05991585302864,1582.79569892473,4.67439456577384
"234","081363",116,10.23,2013,4.04611823183381,1578.69012707722,4.66920295883927
"235","081363",116,10.23,2014,4.05647091782751,1585.2394916911,4.68761024251345
"236","081363",116,10.2,2015,4.03921323758976,1585.49019607843,4.68881672622895
"237","081363",116,10.2,2016,4.04098291215883,1590,4.6988087055226
"238","081363",116,10.23,2017,4.02718848184417,1587.48778103617,4.6739070320869
"239","081363",116,10.23,2018,4.00281572968995,1589.73607038123,4.65240389727704
"240","081363",116,10.23,2019,4.00182600247047,1602.44379276637,4.65480490654397
"241","081363",116,10.23,2020,4.1074795415733,1626.97947214076,4.72249124445386
"242","081363",116,10.23,2021,4.1074795415733,1626.97947214076,4.72249124445386
"243","081379",528,26.77,2011,0.0792693086403546,11.7295480014942,0.0347975370812006
"244","081379",528,26.77,2012,0.0759729806983497,11.3186402689578,0.0334267970282633
"245","081379",528,26.77,2013,0.080170763726738,11.9536794919686,0.0353547252216305
"246","081379",528,26.77,2014,0.0830454673933979,12.4019424729174,0.0366729903385719
"247","081379",528,26.8,2015,0.079675304402123,11.9029850746269,0.0352010473782855
"248","081379",528,26.8,2016,0.0797332921377991,11.9402985074627,0.0352862758323297
"249","081379",528,26.77,2017,0.0850569981079158,12.8128502054539,0.0377237994469845
"250","081379",528,26.77,2018,0.0790077998665974,11.991034740381,0.0350920745889315
"251","081379",528,26.77,2019,0.0834883482489417,12.7754949570415,0.0371104664500606
"252","081379",528,26.77,2020,0.0866213241463728,13.1116921927531,0.0380581640030018
"253","081379",528,26.77,2021,0.0866213241463728,13.1116921927531,0.0380581640030018
"254","081593",98,9.12,2011,4.57262734841638,1986.07456140351,5.89200054321479
"255","081593",98,9.12,2012,4.63660844578839,2027.63157894737,5.98810701877812
"256","081593",98,9.12,2013,4.65491496888372,2037.28070175439,6.02555049750583
"257","081593",98,9.12,2014,4.68581548397748,2054.05701754386,6.07392054299227
"258","081593",98,9.1,2015,4.72082422728692,2077.03296703297,6.14247060047501
"259","081593",98,9.1,2016,4.69355007499913,2070,6.11731699398226
"260","081593",98,9.12,2017,4.70417275249901,2080.04385964912,6.1240985529461
"261","081593",98,9.12,2018,4.68656547432985,2087.82894736842,6.11008563783503
"262","081593",98,9.12,2019,4.65825924352721,2092.32456140351,6.07781856591051
"263","081593",98,9.12,2020,4.70642527861959,2091.11842105263,6.06970684242465
"264","081593",98,9.12,2021,4.70642527861959,2091.11842105263,6.06970684242465
"265","081810",123,36.9,2011,2.6009926335082,279.214092140921,0.828332236129626
"266","081810",123,36.9,2012,2.60589831154438,281.653116531165,0.831792630117042
"267","081810",123,36.9,2013,2.6045476865724,281.734417344173,0.833270033496525
"268","081810",123,36.9,2014,2.63094043989084,285.040650406504,0.842875464169035
"269","081810",123,36.9,2015,2.62354043084608,284.661246612466,0.841837065739692
"270","081810",123,36.9,2016,2.64091613552666,287.235772357724,0.848846507982378
"271","081810",123,36.9,2017,2.6127129214723,285.528455284553,0.840657465813261
"272","081810",123,36.9,2018,2.62522490148638,289.051490514905,0.845916693997383
"273","081810",123,36.9,2019,2.59985645862933,288.617886178862,0.838381950597118
"274","081810",123,36.9,2020,2.65391942982932,291.436314363144,0.845926741217527
"275","081810",123,36.9,2021,2.65391942982932,291.436314363144,0.845926741217527
"276","081982",258,13.7,2011,1.40235990285723,405.474452554745,1.2029033255549
"277","081982",258,13.7,2012,1.4289439504947,415.985401459854,1.22850971944526
"278","081982",258,13.7,2013,1.4323008007055,417.299270072993,1.23422257042529
"279","081982",258,13.7,2014,1.42778171048649,416.642335766423,1.23202638518671
"280","081982",258,13.7,2015,1.44589447393069,422.554744525547,1.24963355735615
"281","081982",258,13.7,2016,1.46061424534931,427.883211678832,1.26449142137325
"282","081982",258,13.7,2017,1.48911741585433,438.321167883212,1.29051222526242
"283","081982",258,13.7,2018,1.50016367659474,444.890510948905,1.30198363461924
"284","081982",258,13.7,2019,1.49766379095689,447.810218978102,1.30080643945788
"285","081982",258,13.7,2020,1.53203755071419,453.138686131387,1.31528609575085
"286","081982",258,13.7,2021,1.53203755071419,453.138686131387,1.31528609575085
"287","082021",152,65.23,2011,4.27877551638653,259.834432009811,0.770839445960093
"288","082021",152,65.23,2012,4.2815663973763,261.781388931473,0.773106410810506
"289","082021",152,65.23,2013,4.33072444306373,265.000766518473,0.783777856021394
"290","082021",152,65.23,2014,4.31511252410695,264.464203587306,0.782030170212026
"291","082021",152,65.2,2015,4.32519512956603,265.598159509202,0.78546123832403
"292","082021",152,65.2,2016,4.37038107530311,269.018404907975,0.79501007731283
"293","082021",152,65.23,2017,4.36146496420415,269.630538095968,0.793850562584839
"294","082021",152,65.23,2018,4.3697958842105,272.175379426644,0.796528316605231
"295","082021",152,65.23,2019,4.3706882662253,274.47493484593,0.797299274527779
"296","082021",152,65.23,2020,4.4756818652952,278.031580561092,0.807017990923873
"297","082021",152,65.23,2021,4.4756818652952,278.031580561092,0.807017990923873
"298","082074",231,10.64,2011,0.635164269232905,236.466165413534,0.701513831426288
"299","082074",231,10.64,2012,0.640630249783113,240.131578947368,0.709169066143418
"300","082074",231,10.64,2013,0.637357571627567,239.097744360902,0.707165944901807
"301","082074",231,10.64,2014,0.633346757349649,237.96992481203,0.703685634130287
"302","082074",231,10.6,2015,0.641398688729316,242.264150943396,0.716454889420748
"303","082074",231,10.6,2016,0.647583832081687,245.188679245283,0.724587861970645
"304","082074",231,10.64,2017,0.656649944576562,248.872180451128,0.73273347246937
"305","082074",231,10.64,2018,0.676611968327964,258.364661654135,0.756110892363479
"306","082074",231,10.64,2019,0.688412696087765,265.037593984962,0.769885532627651
"307","082074",231,10.64,2020,0.706790519530517,269.172932330827,0.781304766251115
"308","082074",231,10.64,2021,0.706790519530517,269.172932330827,0.781304766251115
"309","082107",480,15,2011,1.51217566482715,399.333333333333,1.18468473573372
"310","082107",480,15,2012,1.53074272991229,407,1.2019735645999
"311","082107",480,15,2013,1.50946516079249,401.666666666667,1.18798689894851
"312","082107",480,15,2014,1.47580800488267,393.333333333333,1.16310082591266
"313","082107",480,15,2015,1.47561660942866,393.866666666667,1.16479346207156
"314","082107",480,15,2016,1.48702589836995,397.866666666667,1.175785759101
"315","082107",480,15,2017,1.49903659930715,403,1.18651907525335
"316","082107",480,15,2018,1.52206926596585,412.266666666667,1.20650910704785
"317","082107",480,15,2019,1.52793442014657,417.266666666667,1.21208302974807
"318","082107",480,15,2020,1.57028913260219,424.2,1.2312882984697
"319","082107",480,15,2021,1.57028913260219,424.2,1.2312882984697
"320","082093",112,13.15,2011,2.1258816817211,640.380228136882,1.89978801670978
"321","082093",112,13.15,2012,2.11646181542828,641.901140684411,1.89569582847465
"322","082093",112,13.15,2013,2.13930672332067,649.3536121673,1.92055664076261
"323","082093",112,13.15,2014,2.16768680852767,659.011406844106,1.94872045318537
"324","082093",112,13.2,2015,2.14873556041211,651.742424242424,1.92741701433373
"325","082093",112,13.2,2016,2.15529055309988,655.30303030303,1.93656829153662
"326","082093",112,13.15,2017,2.14849513588041,658.859315589354,1.93982418326336
"327","082093",112,13.15,2018,2.14674775836904,663.269961977186,1.94107676962344
"328","082093",112,13.15,2019,2.13285876798539,664.410646387833,1.92999089935446
"329","082093",112,13.15,2020,2.18478228680296,673.231939163498,1.95413156258387
"330","082093",112,13.15,2021,2.18478228680296,673.231939163498,1.95413156258387
"331","082346",305,34.72,2011,1.07442731711258,122.58064516129,0.363654639112617
"332","082346",305,34.72,2012,1.07214675071334,123.15668202765,0.363712717693049
"333","082346",305,34.72,2013,1.07554090212152,123.646313364055,0.3657017436841
"334","082346",305,34.72,2014,1.06258176351552,122.350230414747,0.36179403571016
"335","082346",305,34.7,2015,1.06924758039338,123.371757925072,0.364850923414181
"336","082346",305,34.7,2016,1.06070195197066,122.680115273775,0.362547417385492
"337","082346",305,34.72,2017,1.06953595580012,124.222350230415,0.365737439506673
"338","082346",305,34.72,2018,1.07583518136105,125.892857142857,0.368428716013416
"339","082346",305,34.72,2019,1.09169559464698,128.801843317972,0.374145698560434
"340","082346",305,34.72,2020,1.12138831031658,130.875576036866,0.379881106387729
"341","082346",305,34.72,2021,1.12138831031658,130.875576036866,0.379881106387729
"342","082482",236,14.23,2011,1.74720664044552,486.366830639494,1.44288320590767
"343","082482",236,14.23,2012,1.75740799245786,492.55094869993,1.45462707507596
"344","082482",236,14.23,2013,1.76425786926153,494.869992972593,1.4636491327822
"345","082482",236,14.23,2014,1.77947426215853,499.929725931131,1.47831019609014
"346","082482",236,14.2,2015,1.76834217920699,498.591549295775,1.47449943347287
"347","082482",236,14.2,2016,1.75637492587295,496.408450704225,1.46699896205283
"348","082482",236,14.23,2017,1.76660657294691,500.632466619817,1.47397015219739
"349","082482",236,14.23,2018,1.77016852536003,505.411103302881,1.47909871993377
"350","082482",236,14.23,2019,1.7791318188254,512.157413914266,1.48772322247597
"351","082482",236,14.23,2020,1.83262094903409,521.855235418131,1.51474362297382
"352","082482",236,14.23,2021,1.83262094903409,521.855235418131,1.51474362297382
"353","082567",181,4.51,2011,0.212310473141842,186.474501108647,0.553205747246181
"354","082567",181,4.51,2012,0.216886562059645,191.79600886918,0.566421947067622
"355","082567",181,4.51,2013,0.21220199023921,187.80487804878,0.555459920366575
"356","082567",181,4.51,2014,0.212866544433077,188.691796008869,0.557968433341167
"357","082567",181,4.5,2015,0.21305026537621,189.555555555556,0.560578212111848
"358","082567",181,4.5,2016,0.214532389158266,191.333333333333,0.565433164983223
"359","082567",181,4.51,2017,0.21276648506295,190.243902439024,0.560119154328881
"360","082567",181,4.51,2018,0.217086851969903,195.565410199557,0.572327252011594
"361","082567",181,4.51,2019,0.217997353761126,198.0044345898,0.575166516171493
"362","082567",181,4.51,2020,0.2196381153569,197.339246119734,0.572799397869072
"363","082567",181,4.51,2021,0.2196381153569,197.339246119734,0.572799397869072
"364","082592",208,16.94,2011,2.29653790032263,537.012987012987,1.59313294308444
"365","082592",208,16.94,2012,2.30576742739942,542.857142857143,1.60319394365729
"366","082592",208,16.94,2013,2.30365678896049,542.798110979929,1.60540343058462
"367","082592",208,16.94,2014,2.28575144891828,539.433293978748,1.59512366885967
"368","082592",208,16.9,2015,2.27361848267249,538.639053254438,1.5929330932139
"369","082592",208,16.9,2016,2.29083714973414,544.023668639053,1.60771267308901
"370","082592",208,16.94,2017,2.30273843857174,548.170011806375,1.61393095655116
"371","082592",208,16.94,2018,2.29516427961377,550.472255017709,1.61097135071806
"372","082592",208,16.94,2019,2.30032370043795,556.257378984652,1.61582552142379
"373","082592",208,16.94,2020,2.37653376504151,568.476977567887,1.65006848285893
"374","082592",208,16.94,2021,2.37653376504151,568.476977567887,1.65006848285893
"375","082763",354,43.31,2011,0.0792693086403546,7.25005772338952,0.0215084291771817
"376","082763",354,43.31,2012,0.080736962986365,7.4347725698453,0.0219567569723993
"377","082763",354,43.31,2013,0.0796696964534458,7.34241514661741,0.0217162481348281
"378","082763",354,43.31,2014,0.0805440978935967,7.4347725698453,0.0219848901265929
"379","082763",354,43.3,2015,0.079675304402123,7.36720554272517,0.0217872533426802
"380","082763",354,43.3,2016,0.0787366259860766,7.29792147806005,0.0215670043857415
"381","082763",354,43.31,2017,0.080841345140468,7.52712999307319,0.022161497068717
"382","082763",354,43.31,2018,0.0819613624784328,7.688755483722,0.0225013426090912
"383","082763",354,43.31,2019,0.0788501066795561,7.45786192565227,0.0216637191523103
"384","082763",354,43.31,2020,0.0784774389702181,7.34241514661741,0.0213121872997093
"385","082763",354,43.31,2021,0.0784774389702181,7.34241514661741,0.0213121872997093
"386","082943",222,22.13,2011,0.660661722012128,118.255761409851,0.350824195629763
"387","082943",222,22.13,2012,0.661942802124235,119.295074559422,0.352308417708597
"388","082943",222,22.13,2013,0.68796536623007,124.084952553095,0.366999082132096
"389","082943",222,22.13,2014,0.675119627996328,121.961138725712,0.360643477579129
"390","082943",222,22.1,2015,0.686606306587574,124.389140271493,0.36785965811003
"391","082943",222,22.1,2016,0.690689643143684,125.429864253394,0.370673545966267
"392","082943",222,22.13,2017,0.691615066247746,126.02801626751,0.371053710465856
"393","082943",222,22.13,2018,0.702455641181523,128.965205603254,0.377420023575251
"394","082943",222,22.13,2019,0.705745072478627,130.637144148215,0.379476910393362
"395","082943",222,22.13,2020,0.737391785040917,135.020334387709,0.391911734528646
"396","082943",222,22.13,2021,0.737391785040917,135.020334387709,0.391911734528646
"397","082969",153,10.65,2011,0.604870265930859,224.976525821596,0.667428020131672
"398","082969",153,10.65,2012,0.621825056540948,232.863849765258,0.68770563039018
"399","082969",153,10.65,2013,0.636856504354275,238.68544600939,0.705946513266815
"400","082969",153,10.65,2014,0.630094976999907,236.525821596244,0.69941536893626
"401","082969",153,10.7,2015,0.635154542616297,237.663551401869,0.70284940126677
"402","082969",153,10.7,2016,0.629145508274821,235.981308411215,0.697378003964296
"403","082969",153,10.65,2017,0.623420680009622,236.056338028169,0.69500086328753
"404","082969",153,10.65,2018,0.622709450661967,237.558685446009,0.695221662634845
"405","082969",153,10.65,2019,0.629580263549768,242.159624413146,0.703429232883862
"406","082969",153,10.65,2020,0.631274493351628,240.18779342723,0.697172134564369
"407","082969",153,10.65,2021,0.631274493351628,240.18779342723,0.697172134564369
"408","083067",200,6.05,2011,0.169141518436426,110.743801652893,0.3285387931435
"409","083067",200,6.05,2012,0.176267344656567,116.198347107438,0.343163001163007
"410","083067",200,6.05,2013,0.172617675649133,113.884297520661,0.336829178714938
"411","083067",200,6.05,2014,0.176596686685961,116.694214876033,0.345068994156467
"412","083067",200,6.1,2015,0.17708398376522,116.229508196721,0.343728938508802
"413","083067",200,6,2016,0.170429911944545,114,0.336895718509168
"414","083067",200,6.05,2017,0.171105914561113,114.04958677686,0.335786625894555
"415","083067",200,6.05,2018,0.169337589745231,113.719008264463,0.332801631101691
"416","083067",200,6.05,2019,0.174788471772638,118.347107438017,0.343776610989114
"417","083067",200,6.05,2020,0.185828652655894,124.462809917355,0.361267330141202
"418","083067",200,6.05,2021,0.185828652655894,124.462809917355,0.361267330141202
"419","089024",91,15.2,2011,1.25593888689734,327.302631578947,0.970994402997635
"420","089024",91,15.2,2012,1.26922517589124,333.026315789474,0.983510633648762
"421","089024",91,15.2,2013,1.29074929600048,338.947368421053,1.0024855596281
"422","089024",91,15.2,2014,1.3132189873956,345.394736842105,1.02134467039052
"423","089024",91,15.2,2015,1.30902279113331,344.802631578947,1.01969494998703
"424","089024",91,15.2,2016,1.29990182838406,343.223684210526,1.01430341843394
"425","089024",91,15.2,2017,1.3105721137036,347.697368421053,1.0236961787766
"426","089024",91,15.2,2018,1.31408923204911,351.25,1.0279422473736
"427","089024",91,15.2,2019,1.32604885288962,357.368421052632,1.03808962739836
"428","089024",91,15.2,2020,1.35805454922362,362.039473684211,1.05086036664662
"429","089024",91,15.2,2021,1.35805454922362,362.039473684211,1.05086036664662
